,Airport Location,Airport Location,Airport Location,Airport Location,Airport Location,Airport Location,Annual Removals,Annual Removals,Annual Removals,Annual Removals,Annual Removals,Annual Removals,Annual Removals,Annual Removals,Annual Transfers,Annual Transfers,Annual Transfers,Annual Transfers,Annual Transfers,Annual Transfers,Annual Transfers,Annual Transfers,Annual Pickups,Annual Pickups,Annual Pickups,Annual Pickups,Annual Pickups,Annual Pickups,Annual Pickups,Annual Pickups,Annual Dropoffs,Annual Dropoffs,Annual Dropoffs,Annual Dropoffs,Annual Dropoffs,Annual Dropoffs,Annual Dropoffs,Annual Dropoffs,Annual Pickup Missions,Annual Pickup Missions,Annual Pickup Missions,Annual Pickup Missions,Annual Pickup Missions,Annual Pickup Missions,Annual Pickup Missions,Annual Pickup Missions,Annual Dropoff Missions,Annual Dropoff Missions,Annual Dropoff Missions,Annual Dropoff Missions,Annual Dropoff Missions,Annual Dropoff Missions,Annual Dropoff Missions,Annual Dropoff Missions,Annual Total,Annual Total,Annual Total,Annual Total,Annual Total,Annual Total,Annual Total,Annual Total
,Airport Name,City,State,Country,Latitude,Longitude,2011,2012,2013,2014,2015,2016,2017,2018,2011,2012,2013,2014,2015,2016,2017,2018,2011,2012,2013,2014,2015,2016,2017,2018,2011,2012,2013,2014,2015,2016,2017,2018,2011,2012,2013,2014,2015,2016,2017,2018,2011,2012,2013,2014,2015,2016,2017,2018,2011,2012,2013,2014,2015,2016,2017,2018
Airport Code,,,,,,,,,,,,,,,,,,,,,,,,,,,,,,,,,,,,,,,,,,,,,,,,,,,,,,,,,,,,,,
BKPR,Pristina International Airport,Pristina,,Kosovo,42.572778,21.035833,2.0,0.0,0.0,0.0,0.0,2.0,,,,,,,,,,,,,,,,,,,2.0,0.0,0.0,0.0,0.0,2.0,,,,,,,,,,,2.0,0.0,0.0,0.0,0.0,1.0,,,2.0,0.0,0.0,0.0,0.0,2.0,,
DAAG,Houari Boumediene Airport,Algiers,,Algeria,36.691,3.215,,,,,,,3.0,,,,,,,,,,,,,,,,,,,,,,,,3.0,,,,,,,,,,,,,,,,1.0,,,,,,,,3.0,
DFFD,Ouagadougou Airport,Ouagadougou,,Burkina Faso,12.353,-1.5119999999999998,,,,,,,,5.0,,,,,,,,,,,,,,,,,,,,,,,,5.0,,,,,,,,,,,,,,,,1.0,,,,,,,,5.0
DGAA,Kotoka International Airport,Accra,,Ghana,5.603,-0.168,17.0,14.0,0.0,0.0,0.0,17.0,172.0,130.0,,,,,,,,,,,,,,,,,17.0,14.0,0.0,0.0,0.0,17.0,172.0,130.0,,,,,,,,,1.0,1.0,0.0,0.0,0.0,1.0,3.0,2.0,17.0,14.0,0.0,0.0,0.0,17.0,172.0,130.0
DIAP,Port Bouet Airport,Abidjan,,Ivory Coast,5.26,-3.926,11.0,0.0,0.0,0.0,0.0,5.0,0.0,13.0,,,,,,,,,,,,,,,,,11.0,0.0,0.0,0.0,0.0,5.0,0.0,13.0,,,,,,,,,1.0,0.0,0.0,0.0,0.0,1.0,0.0,3.0,11.0,0.0,0.0,0.0,0.0,5.0,0.0,13.0
DNMM,Murtala Muhammed International Airport,Lagos,,Nigeria,6.577000000000001,3.321,37.0,36.0,30.0,0.0,45.0,41.0,57.0,38.0,,,,,,,,,,,,,,,,,37.0,36.0,30.0,0.0,45.0,41.0,57.0,38.0,,,,,,,,,1.0,1.0,1.0,0.0,1.0,1.0,1.0,2.0,37.0,36.0,30.0,0.0,45.0,41.0,57.0,38.0
DRRN,Diori Hamani International Airport,Niamey,,Niger,13.481,2.184,,1.0,0.0,0.0,0.0,0.0,4.0,,,,,,,,,,,,,,,,,,,1.0,0.0,0.0,0.0,0.0,4.0,,,,,,,,,,,1.0,0.0,0.0,0.0,0.0,1.0,,,1.0,0.0,0.0,0.0,0.0,4.0,
DXXX,Lomé–Tokoin Airport,Togo,,Togo,6.166,1.254,,,,,,1.0,0.0,2.0,,,,,,,,,,,,,,,,,,,,,,1.0,0.0,2.0,,,,,,,,,,,,,,1.0,0.0,1.0,,,,,,1.0,0.0,2.0
EDDF,Frankfurt am Main International Airport,Frankfurt,,Germany,50.026,8.543,,2.0,0.0,0.0,0.0,4.0,,,,,,,,,,,,1.0,,,,,,,,1.0,0.0,0.0,0.0,4.0,,,,1.0,,,,,,,,1.0,0.0,0.0,0.0,1.0,,,,2.0,0.0,0.0,0.0,4.0,,
EGGW,London Luton Airport,London,,United Kingdom,51.874,-0.368,,3.0,,,,,,,,,,,,,,,,,,,,,,,,3.0,,,,,,,,,,,,,,,,1.0,,,,,,,,3.0,,,,,,
EGSS,London Heathrow Airport,London,,United Kingdom,51.885,0.235,,,,,,,,7.0,,,,,,,,,,,,,,,,,,,,,,,,7.0,,,,,,,,,,,,,,,,1.0,,,,,,,,7.0
EPWA,Warsaw Chopin Airport,Warsaw,,Poland,52.166,20.967,,3.0,0.0,0.0,3.0,7.0,2.0,,,,,,,,,,,,,,,,,,,3.0,0.0,0.0,3.0,7.0,2.0,,,,,,,,,,,1.0,0.0,0.0,1.0,3.0,1.0,,,3.0,0.0,0.0,3.0,7.0,2.0,
EYVI,Vilnius International Airport,Vilnius,,Lithuania,54.63694399999999,25.287778,,,,,,1.0,,,,,,,,,,,,,,,,,,,,,,,,1.0,,,,,,,,,,,,,,,,1.0,,,,,,,,1.0,,
FALA,Lanseria Airport,Johannesburg,,South Africa,-25.938,27.926,,,,,,,,1.0,,,,,,,,,,,,,,,,,,,,,,,,1.0,,,,,,,,,,,,,,,,1.0,,,,,,,,1.0
FCBB,Maya-Maya Airport,,,Republic of the Congo,-4.252,15.253,,,,,,,,4.0,,,,,,,,,,,,,,,,,,,,,,,,4.0,,,,,,,,,,,,,,,,1.0,,,,,,,,4.0
FGSL,Malabo Santa Isabel Airport,Malabo,,Equatorial Guinea,3.755,8.709,,,,,,1.0,,,,,,,,,,,,,,,,,,,,,,,,1.0,,,,,,,,,,,,,,,,1.0,,,,,,,,1.0,,
FKKD,Douala International Airport,Douala,,Cameroon,4.006,9.719,,,,,9.0,3.0,5.0,13.0,,,,,,,,,,,,,,,,,,,,,9.0,3.0,5.0,13.0,,,,,,,,,,,,,3.0,1.0,2.0,3.0,,,,,9.0,3.0,5.0,13.0
FKYS,Yaoundé Nsimalen International Airport,Nsimalen,,Cameroon,3.7225,11.553333,,1.0,0.0,7.0,,,,,,,,,,,,,,,,,,,,,,1.0,0.0,7.0,,,,,,,,,,,,,,1.0,0.0,1.0,,,,,,1.0,0.0,7.0,,,,
FLKK,Kenneth Kaunda International/Lusaka Airport,Lusaka,,Zambia,-15.331667,28.434167,,,,,2.0,0.0,0.0,4.0,,,,,,,,,,,,,,,,,,,,,2.0,0.0,0.0,4.0,,,,,,,,,,,,,1.0,0.0,0.0,3.0,,,,,2.0,0.0,0.0,4.0
FOOL,Libreville International Airport,Libreville,,Gabon,0.458,9.412,,,,,2.0,,,,,,,,,,,,,,,,,,,,,,,,2.0,,,,,,,,,,,,,,,,1.0,,,,,,,,2.0,,,
FTTJ,N'Djamena International Airport,N'Djamena,,Chad,12.134,15.034,,,,,2.0,0.0,0.0,2.0,,,,,,,,,,,,,,,,,,,,,2.0,0.0,0.0,2.0,,,,,,,,,,,,,1.0,0.0,0.0,1.0,,,,,2.0,0.0,0.0,2.0
FVHA,Harare International Airport,Harare,,Zimbabwe,-17.932000000000006,31.093000000000004,,,,,,,2.0,2.0,,,,,,,,,,,,,,,,,,,,,,,2.0,2.0,,,,,,,,,,,,,,,1.0,1.0,,,,,,,2.0,2.0
FWKI,Lilongwe - Kamuzu International Airport,Lilongwe,,Malawi,-13.789167,33.780833,,,,,1.0,1.0,,,,,,,,,,,,,,,,,,,,,,,1.0,1.0,,,,,,,,,,,,,,,1.0,1.0,,,,,,,1.0,1.0,,
FYWH,Hosea Kutako International Airport,,,Namibia,-22.486667,17.4625,,,,,,,,2.0,,,,,,,,,,,,,,,,,,,,,,,,2.0,,,,,,,,,,,,,,,,1.0,,,,,,,,2.0
FZAA,Ndjili International Airport,Kinshasa,,Democratic Republic of Congo,-4.386,15.444,,2.0,0.0,0.0,0.0,3.0,0.0,9.0,,,,,,,,,,,,,,,,,,2.0,0.0,0.0,0.0,3.0,0.0,9.0,,,,,,,,,,1.0,0.0,0.0,0.0,1.0,0.0,2.0,,2.0,0.0,0.0,0.0,3.0,0.0,9.0
GABS,Senou Airport,Bamako,,Mali,12.533,-7.95,,1.0,0.0,0.0,0.0,0.0,0.0,9.0,,,,,,,,,,,,,,,,,,1.0,0.0,0.0,0.0,0.0,0.0,9.0,,,,,,,,,,1.0,0.0,0.0,0.0,0.0,0.0,3.0,,1.0,0.0,0.0,0.0,0.0,0.0,9.0
GBYD,Banjul International Airport,Banjul,,Gambia,13.338,-16.652,,,,,,,4.0,40.0,,,,,,,,,,,,,,,,,,,,,,,4.0,40.0,,,,,,,,,,,,,,,1.0,2.0,,,,,,,4.0,40.0
GFLL,Lungi International Airport,Freetown,,Sierra Leone,8.616,-13.195,,,,,,,7.0,12.0,,,,,,,,,,,,,,,,,,,,,,,7.0,12.0,,,,,,,,,,,,,,,1.0,3.0,,,,,,,7.0,12.0
GLRB,Roberts International Airport,Monrovia,,Liberia,6.234,-10.362,16.0,0.0,0.0,0.0,0.0,0.0,62.0,52.0,,,,,,,,,,,,,,,,,16.0,0.0,0.0,0.0,0.0,0.0,62.0,52.0,,,,,,,,,1.0,0.0,0.0,0.0,0.0,0.0,5.0,3.0,16.0,0.0,0.0,0.0,0.0,0.0,62.0,52.0
GMMN,Mohammed V International Airport,Casablanca,,Morocco,33.368,-7.587999999999999,,,,,,,,1.0,,,,,,,,,,,,,,,,,,,,,,,,1.0,,,,,,,,,,,,,,,,1.0,,,,,,,,1.0
GOOY,Léopold Sédar Senghor International Airport,Dakar,,Senegal,14.739,-17.49,,,,,,,147.0,43.0,,,,,,,,,,,,,,,,,,,,,,,147.0,43.0,,,,,,,,,,,,,,,2.0,2.0,,,,,,,147.0,43.0
GQNO,Nouakchott-Oumtounsy International Airport,Nouakchott,,Mauritania,18.31,-15.969722,,,,,,,3.0,7.0,,,,,,,,,,,,,,,,,,,,,,,3.0,7.0,,,,,,,,,,,,,,,1.0,2.0,,,,,,,3.0,7.0
GUCY,Conakry Airport,Conakry,,Guinea,9.576889,-13.611961,,3.0,0.0,0.0,0.0,8.0,37.0,128.0,,,,,,,,,,,,,,,,,,3.0,0.0,0.0,0.0,8.0,37.0,128.0,,,,,,,,,,1.0,0.0,0.0,0.0,1.0,2.0,3.0,,3.0,0.0,0.0,0.0,8.0,37.0,128.0
GVAC,Amílcar Cabral International Airport,Sal,,Cape Verde,16.741,-22.949,4.0,,,,,,,,,,,,,,,,,,,,,,,,4.0,,,,,,,,,,,,,,,,1.0,,,,,,,,4.0,,,,,,,
GVNP,Praia International Airport,Praia,,Cape Verde,14.9242,-23.4939,,,,,,,,7.0,,,,,,,,,,,,,,,,,,,,,,,,7.0,,,,,,,,,,,,,,,,1.0,,,,,,,,7.0
HAAB,Addis Ababa Bole International Airport,Addis Ababa,,Ethiopia,8.977,38.8,,1.0,0.0,0.0,1.0,4.0,0.0,3.0,,,,,,,,,,,,,,,,,,1.0,0.0,0.0,1.0,4.0,0.0,3.0,,,,,,,,,,1.0,0.0,0.0,1.0,1.0,0.0,1.0,,1.0,0.0,0.0,1.0,4.0,0.0,3.0
HBBA,Bujumbura International Airport,,,Burundi,-3.324,29.318,,,,,,,,6.0,,,,,,,,,,,,,,,,,,,,,,,,6.0,,,,,,,,,,,,,,,,1.0,,,,,,,,6.0
HCMM,Aden Adde International Airport,Mogadishu,,Somalia,2.014,45.305,,,,,,,342.0,153.0,,,,,,,,,,,,,,,,,,,,,,,342.0,153.0,,,,,,,,,,,,,,,5.0,2.0,,,,,,,342.0,153.0
HECA,Cairo International Airport,Cairo,,Egypt,30.122,31.406,1.0,0.0,0.0,0.0,0.0,0.0,0.0,13.0,,,,,,,,,,,,,,,,,1.0,0.0,0.0,0.0,0.0,0.0,0.0,13.0,,,,,,,,,1.0,0.0,0.0,0.0,0.0,0.0,0.0,3.0,1.0,0.0,0.0,0.0,0.0,0.0,0.0,13.0
HKJK,Jomo Kenyatta International Airport,Nairobi,,Kenya,-1.318611,36.925833,2.0,13.0,10.0,6.0,6.0,0.0,18.0,32.0,,,,,,,,,,,,,,,,,2.0,13.0,10.0,6.0,6.0,0.0,18.0,32.0,,,,,,,,,1.0,2.0,1.0,1.0,2.0,0.0,5.0,2.0,2.0,13.0,10.0,6.0,6.0,0.0,18.0,32.0
HRYR,Kigali International Airport,Kigali,,Rwanda,-1.969,30.139,1.0,0.0,0.0,0.0,0.0,1.0,,,,,,,,,,,,,,,,,,,1.0,0.0,0.0,0.0,0.0,1.0,,,,,,,,,,,1.0,0.0,0.0,0.0,0.0,1.0,,,1.0,0.0,0.0,0.0,0.0,1.0,,
HSSJ,Juba Airport,Juba,,South Sudan,4.872,31.601,1.0,0.0,0.0,0.0,0.0,0.0,0.0,68.0,,,,,,,,,,,,,,,,,1.0,0.0,0.0,0.0,0.0,0.0,0.0,68.0,,,,,,,,,1.0,0.0,0.0,0.0,0.0,0.0,0.0,5.0,1.0,0.0,0.0,0.0,0.0,0.0,0.0,68.0
HSSS,Khartoum International Airport,Khartoum,,Sudan,15.589,32.553000000000004,,,,,2.0,0.0,6.0,9.0,,,,,,,,,,,,,,,,,,,,,2.0,0.0,6.0,9.0,,,,,,,,,,,,,1.0,0.0,1.0,2.0,,,,,2.0,0.0,6.0,9.0
HTDA,Julius Nyerere International Airport,Dar es Salaam,,Tanzania,-6.877999999999999,39.203,,,,,1.0,0.0,0.0,5.0,,,,,,,,,,,,,,,,,,,,,1.0,0.0,0.0,5.0,,,,,,,,,,,,,1.0,0.0,0.0,1.0,,,,,1.0,0.0,0.0,5.0
HUEN,Entebbe International Airport,Entebbe,,Uganda,0.042,32.443000000000005,,,,,1.0,,,,,,,,,,,,,,,,,,,,,,,,1.0,,,,,,,,,,,,,,,,1.0,,,,,,,,1.0,,,
KABI,Abilene Regional Airport,Abilene,TX,USA,32.411,-99.682,,,,,,,,,368.0,,,,,,,,,,,,,,,,368.0,,,,,,,,,,,,,,,,8.0,,,,,,,,368.0,,,,,,,
KABQ,Albuquerque International Sunport Airport,Albuquerque,NM,USA,35.039333,-106.610778,,,,,,,1549.0,715.0,,,,,,,1529.0,171.0,,,,,,,2220.0,715.0,,,,,,,990.0,171.0,,,,,,,32.0,6.0,,,,,,,10.0,3.0,,,,,,,3078.0,886.0
KAEX,Alexandria International Airport,Alexandria,LA,USA,31.327,-92.548,28647.0,31142.0,30367.0,26269.0,16963.0,16850.0,29727.0,29336.0,17585.0,24848.0,24594.0,20313.0,21098.0,25892.0,30718.0,24698.0,29785.0,32726.0,31461.0,27218.0,22347.0,24032.0,34127.0,32366.0,16582.0,23289.0,23507.0,19562.0,15847.0,18766.0,26484.0,21811.0,410.0,501.0,494.0,478.0,410.0,460.0,601.0,605.0,365.0,464.0,395.0,379.0,309.0,318.0,370.0,358.0,46232.0,55990.0,54961.0,46582.0,38061.0,42742.0,60445.0,54034.0
KALB,Albany International Airport,Albany,NY,USA,42.74800000000001,-73.803,,,,,,,,12.0,,,,,,,,337.0,,,,,,,,12.0,,,,,,,,337.0,,,,,,,,1.0,,,,,,,,4.0,,,,,,,,349.0
KATL,Hartsfield Jackson Atlanta International Airport,Atlanta,GA,USA,33.64,-84.427,2449.0,1824.0,2873.0,3764.0,0.0,47.0,0.0,1496.0,22.0,148.0,990.0,358.0,0.0,304.0,279.0,475.0,2469.0,1831.0,2926.0,3964.0,0.0,136.0,0.0,1798.0,13.0,141.0,937.0,158.0,0.0,215.0,279.0,173.0,47.0,48.0,55.0,59.0,0.0,5.0,0.0,26.0,2.0,3.0,12.0,11.0,0.0,2.0,3.0,8.0,2471.0,1972.0,3863.0,4122.0,0.0,351.0,279.0,1971.0
KAUS,Austin Bergstrom International Airport,Austin,TX,USA,30.194000000000006,-97.67,,,1282.0,,,,,,25.0,0.0,135.0,,,,,,,,1417.0,,,,,,25.0,,,,,,,,,,11.0,,,,,,1.0,,,,,,,,25.0,0.0,1417.0,,,,,
KBDL,Bradley International Airport,Hartford,CT,USA,41.93899999999999,-72.683,,,,,,,,,19.0,,,,,,,,,,,,,,,,19.0,,,,,,,,,,,,,,,,1.0,,,,,,,,19.0,,,,,,,
KBED,Laurence G Hanscom Field,Bedford,MA,USA,42.47,-71.289,,,,19.0,,,,,,,,590.0,,,,,,,,269.0,,,,,,,,340.0,,,,,,,,5.0,,,,,,,,4.0,,,,,,,,609.0,,,,
KBFI,Boeing Field King County International Airport,Seattle,WA,USA,47.53,-122.302,5815.0,4638.0,2460.0,685.0,313.0,225.0,406.0,1075.0,1366.0,2201.0,4490.0,5517.0,4345.0,5641.0,4471.0,4924.0,6629.0,5664.0,4797.0,3955.0,2732.0,3129.0,3390.0,3495.0,552.0,1175.0,2153.0,2247.0,1926.0,2737.0,1487.0,2504.0,99.0,70.0,50.0,51.0,33.0,47.0,53.0,53.0,47.0,51.0,44.0,48.0,37.0,44.0,42.0,50.0,7181.0,6839.0,6950.0,6202.0,4658.0,5866.0,4877.0,5999.0
KBFL,Meadows Field,Bakersfield,CA,USA,35.433,-119.057,6558.0,5791.0,3660.0,491.0,22.0,84.0,,,3204.0,3180.0,3396.0,494.0,109.0,11.0,,,9309.0,8265.0,5660.0,968.0,93.0,95.0,,,453.0,706.0,1404.0,17.0,38.0,,,,240.0,241.0,182.0,55.0,4.0,2.0,,,118.0,181.0,160.0,4.0,3.0,,,,9762.0,8971.0,7056.0,985.0,131.0,95.0,,
KBLV,Mid America St Louis/Scott AFB,Belleville,IL,USA,38.545,-89.835,,,,,,,,,,,,,,93.0,,,,,,,,,,,,,,,,93.0,,,,,,,,,,,,,,,,3.0,,,,,,,,93.0,,
KBNA,Nashville International Airport,Nashville,TN,USA,36.124,-86.678,,,,,,,,,,,,56.0,,,,,,,,,,,,,,,,56.0,,,,,,,,,,,,,,,,1.0,,,,,,,,56.0,,,,
KBOI,Boise Air Terminal/Gowen field,Boise,ID,USA,43.56399999999999,-116.223,389.0,323.0,51.0,,,,,,381.0,391.0,149.0,,,,,,770.0,713.0,200.0,,,,,,,1.0,,,,,,,31.0,32.0,9.0,,,,,,,1.0,,,,,,,770.0,714.0,200.0,,,,,
KBOS,General Edward Lawrence Logan International Airport,Boston,MA,USA,42.364,-71.005,,,,26.0,0.0,10.0,,,207.0,52.0,39.0,477.0,295.0,721.0,201.0,562.0,207.0,52.0,0.0,279.0,291.0,244.0,162.0,466.0,,,39.0,224.0,4.0,487.0,39.0,96.0,2.0,1.0,0.0,5.0,6.0,7.0,3.0,15.0,,,1.0,4.0,4.0,9.0,2.0,12.0,207.0,52.0,39.0,503.0,295.0,731.0,201.0,562.0
KBRO,Brownsville South Padre Island International Airport,Brownsville,TX,USA,25.907,-97.426,93.0,0.0,81.0,62440.0,37635.0,31012.0,29875.0,40295.0,,1.0,0.0,25315.0,8933.0,10344.0,7294.0,5926.0,93.0,0.0,81.0,70524.0,35509.0,34050.0,24965.0,31919.0,,1.0,0.0,17438.0,11072.0,7316.0,12348.0,14303.0,1.0,0.0,1.0,771.0,423.0,417.0,335.0,393.0,,1.0,0.0,296.0,198.0,162.0,197.0,211.0,93.0,1.0,81.0,87755.0,46578.0,41357.0,37169.0,46222.0
KBUF,Buffalo Niagara International Airport,Buffalo,NY,USA,42.94,-78.732,,33.0,71.0,288.0,61.0,188.0,102.0,142.0,,1921.0,2148.0,2170.0,1005.0,1699.0,862.0,518.0,,946.0,1131.0,631.0,80.0,317.0,303.0,203.0,,1008.0,1088.0,1827.0,986.0,1570.0,661.0,457.0,,19.0,25.0,23.0,10.0,33.0,23.0,13.0,,14.0,17.0,27.0,13.0,37.0,21.0,12.0,,1954.0,2219.0,2458.0,1066.0,1887.0,964.0,660.0
KBWI,Baltimore/Washington International Thurgood Marshall Airport,Baltimore,MD,USA,39.175,-76.668,,,,,,,,,,,,,,34.0,,,,,,,,,,,,,,,,34.0,,,,,,,,,,,,,,,,1.0,,,,,,,,34.0,,
KCHS,Charleston International Airport,Charleston,SC,USA,32.899,-80.04,,,,,,,,,,,,,,,923.0,,,,,,,,55.0,,,,,,,,868.0,,,,,,,,1.0,,,,,,,,8.0,,,,,,,,923.0,
KCLE,Cleveland Hopkins International Airport,Cleveland,OH,USA,41.412,-81.85,,,,,,,,,,,,,,,,113.0,,,,,,,,,,,,,,,,113.0,,,,,,,,,,,,,,,,2.0,,,,,,,,113.0
KCLT,Charlotte Douglas International Airport,Charlotte,NC,USA,35.214,-80.943,,,,,,,,,,,,,,11.0,,,,,,,,11.0,,,,,,,,,,,,,,,,1.0,,,,,,,,,,,,,,,,11.0,,
KCMH,Port Columbus International Airport,Columbus,OH,USA,39.99800000000001,-82.89200000000002,61.0,,,,,,,,,,,,,,,,61.0,,,,,,,,,,,,,,,,1.0,,,,,,,,,,,,,,,,61.0,,,,,,,
KCOS,City of Colorado Springs Municipal Airport,Colorado Springs,CO,USA,38.806,-104.7,1827.0,739.0,41.0,0.0,0.0,0.0,0.0,0.0,493.0,370.0,483.0,77.0,0.0,0.0,0.0,0.0,2249.0,891.0,47.0,0.0,0.0,0.0,0.0,0.0,71.0,218.0,477.0,77.0,0.0,0.0,0.0,0.0,44.0,20.0,1.0,0.0,0.0,0.0,0.0,0.0,2.0,2.0,5.0,1.0,0.0,0.0,0.0,0.0,2320.0,1109.0,524.0,77.0,0.0,0.0,0.0,0.0
KCRP,Corpus Christi International Airport,Corpus Christi,TX,USA,27.77,-97.501,,,765.0,,,,,,,,76.0,135.0,,,,,,,841.0,135.0,,,,,,,,,,,,,,,8.0,1.0,,,,,,,,,,,,,,,841.0,135.0,,,,
KCSG,Columbus Metropolitan Airport,Columbus,GA,USA,32.5163333,-84.9388611,15416.0,13644.0,8799.0,5182.0,5108.0,2546.0,5657.0,4604.0,220.0,1419.0,1576.0,1448.0,4598.0,7901.0,5768.0,5784.0,15561.0,14294.0,9237.0,5681.0,8330.0,8095.0,10367.0,9232.0,75.0,769.0,1138.0,949.0,1376.0,2352.0,1058.0,1156.0,179.0,175.0,134.0,79.0,140.0,150.0,155.0,128.0,12.0,19.0,22.0,20.0,34.0,59.0,50.0,53.0,15636.0,15063.0,10375.0,6630.0,9706.0,10447.0,11425.0,10388.0
KCVG,Cincinnati Northern Kentucky International Airport,Covington,KY,USA,39.046,-84.662,64.0,,,,,,,,12.0,,,,,,,,76.0,,,,,,,,,,,,,,,,2.0,,,,,,,,,,,,,,,,76.0,,,,,,,
KDAL,Dallas Love Field,Dallas,TX,USA,32.847,-96.852,1588.0,1012.0,1735.0,1868.0,1330.0,1619.0,1943.0,96.0,396.0,0.0,0.0,2.0,0.0,116.0,256.0,,1588.0,1012.0,1735.0,1868.0,1330.0,1729.0,2028.0,96.0,396.0,0.0,0.0,2.0,0.0,6.0,209.0,,44.0,30.0,26.0,29.0,26.0,40.0,57.0,3.0,5.0,0.0,0.0,1.0,0.0,2.0,3.0,,1984.0,1012.0,1735.0,1870.0,1330.0,1735.0,2199.0,96.0
KDEN,Denver International Airport,Denver,CO,USA,39.858,-104.667,2272.0,2394.0,1292.0,467.0,398.0,302.0,516.0,986.0,299.0,775.0,2419.0,3370.0,2647.0,2578.0,3165.0,4275.0,2568.0,3014.0,3121.0,2434.0,2009.0,1795.0,2367.0,2967.0,3.0,155.0,590.0,1403.0,1036.0,1085.0,1314.0,2294.0,57.0,84.0,70.0,51.0,48.0,51.0,53.0,55.0,3.0,10.0,22.0,42.0,29.0,40.0,47.0,50.0,2571.0,3169.0,3711.0,3837.0,3045.0,2880.0,3681.0,5261.0
KDFW,Dallas Fort Worth International Airport,Dallas-Fort Worth,TX,USA,32.896,-97.037,18.0,119.0,0.0,0.0,0.0,0.0,0.0,51.0,,,,,,,,,18.0,119.0,0.0,0.0,0.0,0.0,0.0,51.0,,,,,,,,,1.0,5.0,0.0,0.0,0.0,0.0,0.0,1.0,,,,,,,,,18.0,119.0,0.0,0.0,0.0,0.0,0.0,51.0
KDTW,Detroit Metropolitan Wayne County Airport,Detroit,MI,USA,42.212,-83.353,82.0,0.0,99.0,,,,,,42.0,0.0,38.0,,,,,,124.0,0.0,133.0,,,,,,,,4.0,,,,,,1.0,0.0,2.0,,,,,,,,1.0,,,,,,124.0,0.0,137.0,,,,,
KELP,El Paso International Airport,El Paso,TX,USA,31.807,-106.378,11483.0,13380.0,14806.0,15609.0,15757.0,18284.0,14467.0,16583.0,6458.0,12606.0,11363.0,17282.0,13748.0,16328.0,11902.0,9921.0,11823.0,15793.0,16520.0,17656.0,16921.0,20874.0,18027.0,16707.0,6118.0,10194.0,9649.0,15244.0,12584.0,13738.0,8342.0,9797.0,367.0,365.0,288.0,255.0,254.0,289.0,244.0,226.0,224.0,312.0,262.0,321.0,240.0,216.0,151.0,176.0,17941.0,25986.0,26169.0,32891.0,29505.0,34612.0,26369.0,26504.0
KEWR,Newark Liberty International Airport,Newark,NJ,USA,40.692,-74.169,55.0,2192.0,1247.0,1288.0,482.0,187.0,542.0,954.0,,5714.0,6979.0,8721.0,4095.0,4389.0,5288.0,3826.0,55.0,6996.0,5941.0,4880.0,2650.0,2289.0,4238.0,3523.0,,910.0,2285.0,5129.0,1927.0,2287.0,1592.0,1257.0,1.0,79.0,67.0,75.0,74.0,68.0,85.0,82.0,,59.0,58.0,90.0,73.0,75.0,72.0,70.0,55.0,7906.0,8226.0,10009.0,4577.0,4576.0,5830.0,4780.0
KFTW,Fort Worth Meacham International Airport,Fort Worth,TX,USA,32.82,-97.362,,,,,,,,1040.0,,,,,,,,3.0,,,,,,,,1040.0,,,,,,,,3.0,,,,,,,,34.0,,,,,,,,3.0,,,,,,,,1043.0
KGFK,Grand Forks International Airport,Grand Forks,ND,USA,47.949,-97.176,,,,,,,,,,,,,1.0,,,,,,,,,,,,,,,,1.0,,,,,,,,,,,,,,,,1.0,,,,,,,,1.0,,,
KGRK,Robert Gray  Army Air Field Airport,Fort Hood,TX,USA,31.067,-97.829,,,263.0,,,,,,,,,,,,,,,,263.0,,,,,,,,,,,,,,,,3.0,,,,,,,,,,,,,,,,263.0,,,,,
KGYY,Gary Chicago International Airport,Gary,IN,USA,41.616389,-87.412778,,,449.0,3165.0,1302.0,390.0,558.0,1056.0,,,538.0,6193.0,2150.0,3155.0,3487.0,2927.0,,,531.0,4195.0,2842.0,2872.0,3603.0,3205.0,,,456.0,5163.0,610.0,673.0,442.0,778.0,,,15.0,92.0,55.0,51.0,53.0,47.0,,,15.0,101.0,30.0,39.0,33.0,41.0,,,987.0,9358.0,3452.0,3545.0,4045.0,3983.0
KHRL,Valley International Airport,Harlingen,TX,USA,26.228,-97.654,66486.0,90974.0,80147.0,4503.0,0.0,131.0,,,1458.0,9133.0,19007.0,1545.0,0.0,19.0,,,11393.0,43786.0,65283.0,4513.0,0.0,19.0,,,56551.0,56455.0,34007.0,1535.0,0.0,131.0,,,268.0,505.0,680.0,54.0,0.0,1.0,,,614.0,642.0,454.0,23.0,0.0,1.0,,,67944.0,100107.0,99154.0,6048.0,0.0,150.0,,
KHST,Homestead ARB Airport,Homestead,FL,USA,25.488000000000003,-80.384,66.0,45.0,,,,,,,,,,,,,,,,,,,,,,,66.0,45.0,,,,,,,,,,,,,,,1.0,1.0,,,,,,,66.0,45.0,,,,,,
KIAD,Washington Dulles International Airport,Washington Dc - Dulles,DC,USA,38.944,-77.456,,,,,,,,,,65.0,,,,,,,,65.0,,,,,,,,,,,,,,,,1.0,,,,,,,,,,,,,,,,65.0,,,,,,
KIAG,Niagara Falls International Airport,Niagara Falls,NY,USA,43.107,-78.946,7.0,23.0,30.0,0.0,16.0,46.0,,,,,,,,,,,7.0,23.0,30.0,0.0,16.0,46.0,,,,,,,,,,,1.0,4.0,1.0,0.0,2.0,6.0,,,,,,,,,,,7.0,23.0,30.0,0.0,16.0,46.0,,
KIAH,George Bush Intercontinental Houston Airport,Houston,TX,USA,29.98,-95.34,7340.0,8023.0,7172.0,6766.0,4084.0,4049.0,3765.0,7024.0,964.0,241.0,27.0,131.0,29.0,71.0,773.0,742.0,7448.0,8109.0,7179.0,6872.0,4112.0,4075.0,3997.0,7024.0,857.0,313.0,20.0,25.0,1.0,45.0,541.0,742.0,136.0,148.0,123.0,104.0,72.0,75.0,80.0,110.0,14.0,10.0,9.0,5.0,1.0,4.0,9.0,15.0,8305.0,8264.0,7199.0,6897.0,4113.0,4120.0,4538.0,7766.0
KIWA,Phoenix-Mesa-Gateway Airport,Mesa,AZ,USA,33.3078333,-111.6554722,21920.0,22518.0,20418.0,19101.0,12164.0,15231.0,15808.0,22905.0,17792.0,16570.0,15977.0,15802.0,10316.0,15784.0,17689.0,20584.0,24242.0,25441.0,24837.0,22116.0,14811.0,22879.0,23216.0,32102.0,15654.0,13852.0,11818.0,12961.0,7705.0,8152.0,10298.0,11506.0,586.0,578.0,484.0,444.0,369.0,376.0,434.0,497.0,488.0,471.0,361.0,286.0,202.0,189.0,212.0,210.0,39713.0,39088.0,36395.0,34903.0,22480.0,31015.0,33497.0,43489.0
KJAX,Jacksonville International Airport,Jacksonville,FL,USA,30.494,-81.688,,,,,,,167.0,153.0,343.0,81.0,0.0,0.0,0.0,0.0,1714.0,2601.0,,81.0,0.0,0.0,0.0,0.0,1241.0,548.0,343.0,0.0,0.0,0.0,0.0,0.0,640.0,2206.0,,3.0,0.0,0.0,0.0,0.0,15.0,10.0,5.0,0.0,0.0,0.0,0.0,0.0,11.0,24.0,343.0,81.0,0.0,0.0,0.0,0.0,1881.0,2754.0
KKBL,Hamid Karzai International Airport,Kabul,,Afghanistan,,,,,,,,,22.0,,,,,,,,,,,,,,,,,,,,,,,,22.0,,,,,,,,,,,,,,,,1.0,,,,,,,,22.0,
KLAS,McCarran International Airport,Las Vegas,NV,USA,36.08,-115.152,1910.0,2216.0,1459.0,316.0,169.0,287.0,1183.0,1538.0,573.0,570.0,1740.0,2166.0,1710.0,2585.0,1554.0,742.0,2334.0,2638.0,2843.0,2276.0,1806.0,2336.0,2212.0,2061.0,149.0,148.0,356.0,206.0,73.0,536.0,525.0,219.0,93.0,87.0,80.0,59.0,46.0,49.0,51.0,49.0,43.0,62.0,57.0,46.0,30.0,37.0,45.0,24.0,2483.0,2786.0,3199.0,2482.0,1879.0,2872.0,2737.0,2280.0
KLAW,Lawton Fort Sill Regional Airport,Lawton,OK,USA,34.567778000000004,-98.416389,,,,,,,,,,,,1876.0,,,,,,,,,,,,,,,,1876.0,,,,,,,,,,,,,,,,15.0,,,,,,,,1876.0,,,,
KLIT,Adams Field,Little Rock,AR,USA,34.729,-92.224,,,,,,,,,,,,1.0,,,,,,,,,,,,,,,,1.0,,,,,,,,,,,,,,,,1.0,,,,,,,,1.0,,,,
KLRD,Laredo International Airport,Laredo,TX,USA,27.544,-99.461,16297.0,12298.0,8290.0,11566.0,10884.0,11321.0,10362.0,7753.0,346.0,1659.0,837.0,3796.0,1262.0,1489.0,1329.0,1962.0,1096.0,3293.0,2682.0,10434.0,9982.0,11341.0,9640.0,6479.0,15547.0,10664.0,6445.0,4928.0,2164.0,1469.0,2061.0,3236.0,45.0,68.0,51.0,142.0,129.0,127.0,129.0,108.0,175.0,141.0,84.0,68.0,42.0,40.0,49.0,51.0,16643.0,13957.0,9127.0,15362.0,12146.0,12810.0,11691.0,9715.0
KMCI,Kansas City International Airport,Kansas City,MO,USA,39.297,-94.714,1775.0,1609.0,1444.0,1377.0,413.0,274.0,659.0,762.0,636.0,549.0,511.0,795.0,454.0,721.0,431.0,468.0,2405.0,2153.0,1946.0,2126.0,859.0,847.0,1081.0,1221.0,6.0,5.0,9.0,46.0,8.0,148.0,9.0,9.0,53.0,52.0,50.0,48.0,30.0,29.0,40.0,45.0,6.0,5.0,6.0,7.0,7.0,12.0,6.0,9.0,2411.0,2158.0,1955.0,2172.0,867.0,995.0,1090.0,1230.0
KMDT,Harrisburg International Airport,Harrisburg,PA,USA,40.19300000000001,-76.763,6965.0,4976.0,3573.0,2022.0,2568.0,2415.0,2115.0,1539.0,14153.0,8438.0,10668.0,8672.0,5368.0,5370.0,5993.0,5250.0,20578.0,11659.0,10315.0,7447.0,6333.0,6112.0,7023.0,6020.0,540.0,1755.0,3926.0,3247.0,1603.0,1674.0,1085.0,769.0,185.0,117.0,104.0,84.0,99.0,105.0,107.0,85.0,83.0,67.0,83.0,76.0,78.0,83.0,67.0,67.0,21118.0,13414.0,14241.0,10694.0,7936.0,7786.0,8108.0,6789.0
KMDW,Chicago Midway International Airport,Chicago,IL,USA,41.786,-87.75200000000002,,,,,,,,,,,,,,,31.0,,,,,,,,,,,,,,,,31.0,,,,,,,,,,,,,,,,1.0,,,,,,,,31.0,
KMEM,Memphis International Airport,Memphis,TN,USA,35.042,-89.977,,,,,,,,,,,,240.0,0.0,0.0,396.0,1902.0,,,,,,,54.0,527.0,,,,240.0,0.0,0.0,342.0,1375.0,,,,,,,1.0,6.0,,,,2.0,0.0,0.0,4.0,11.0,,,,240.0,0.0,0.0,396.0,1902.0
KMHR,Sacramento Mather Airport,Sacramento,CA,USA,38.554,-121.297,,,,,,,,,,,,,,,48.0,,,,,,,,,,,,,,,,48.0,,,,,,,,,,,,,,,,1.0,,,,,,,,48.0,
KMIA,Miami International Airport,Miami,FL,USA,25.793000000000006,-80.291,9797.0,6893.0,4887.0,4718.0,3376.0,3647.0,4313.0,4871.0,2400.0,2058.0,4813.0,7390.0,4039.0,5511.0,5762.0,2111.0,11000.0,8212.0,6192.0,6262.0,4583.0,4927.0,6926.0,6203.0,1200.0,744.0,3546.0,5857.0,2844.0,4239.0,3156.0,832.0,237.0,206.0,205.0,201.0,160.0,123.0,136.0,151.0,41.0,51.0,62.0,84.0,66.0,62.0,64.0,56.0,12197.0,8951.0,9700.0,12108.0,7415.0,9158.0,10075.0,6982.0
KMSP,Minneapolis-St Paul International/Wold-Chamberlain Airport,Minneapolis,MN,USA,44.88,-93.217,1809.0,1535.0,1137.0,762.0,527.0,424.0,665.0,672.0,706.0,539.0,514.0,746.0,301.0,476.0,645.0,968.0,2505.0,2070.0,1638.0,1241.0,785.0,770.0,1248.0,1592.0,10.0,4.0,13.0,267.0,43.0,130.0,62.0,48.0,50.0,51.0,35.0,32.0,18.0,25.0,30.0,49.0,5.0,3.0,8.0,13.0,6.0,9.0,15.0,18.0,2515.0,2074.0,1651.0,1508.0,828.0,900.0,1310.0,1640.0
KMWA,Williamson County Regional Airport,Marion,IL,USA,37.755,-89.011111,,,,,,,,,,1.0,,,,,,,,1.0,,,,,,,,,,,,,,,,1.0,,,,,,,,,,,,,,,,1.0,,,,,,
KNJK,El Centro Naf Airport,El Centro,CA,USA,32.829,-115.672,,7487.0,12863.0,,,,,,,2.0,88.0,,,,,,,,84.0,,,,,,,7489.0,12867.0,,,,,,,,4.0,,,,,,,63.0,121.0,,,,,,,7489.0,12951.0,,,,,
KNTD,Point Mugu Naval Air Station (Naval Base Ventura Co),"Oxnard, Pt Magu",CA,USA,34.12,-119.121,,,,,,,,,,,,1177.0,,,,,,,,,,,,,,,,1177.0,,,,,,,,,,,,,,,,10.0,,,,,,,,1177.0,,,,
KNYL,Yuma MCAS/Yuma International Airport,Yuma Naval,AZ,USA,32.656667,-114.606111,5074.0,17692.0,6292.0,,,,,,,1.0,3.0,222.0,108.0,0.0,48.0,,,,,222.0,108.0,0.0,48.0,,5074.0,17693.0,6295.0,,,,,,,,,2.0,1.0,0.0,1.0,,81.0,142.0,56.0,,,,,,5074.0,17693.0,6295.0,222.0,108.0,0.0,48.0,
KOAK,Metropolitan Oakland International Airport,Oakland,CA,USA,37.721,-122.221,9119.0,6397.0,3643.0,1451.0,2046.0,1688.0,1476.0,1032.0,4720.0,3952.0,1574.0,2201.0,707.0,716.0,1197.0,1031.0,13494.0,9856.0,4854.0,2914.0,2593.0,2296.0,2515.0,1979.0,345.0,546.0,363.0,738.0,160.0,108.0,158.0,84.0,243.0,245.0,180.0,87.0,68.0,47.0,50.0,49.0,125.0,147.0,96.0,54.0,29.0,15.0,23.0,20.0,13839.0,10349.0,5217.0,3652.0,2753.0,2404.0,2673.0,2063.0
KOMA,Eppley Airfield,Omaha,NE,USA,41.302,-95.894,1668.0,1266.0,523.0,104.0,468.0,283.0,607.0,486.0,666.0,560.0,297.0,538.0,258.0,443.0,600.0,922.0,2328.0,1818.0,814.0,285.0,685.0,588.0,1187.0,1389.0,6.0,8.0,6.0,357.0,41.0,138.0,20.0,19.0,50.0,52.0,25.0,8.0,22.0,23.0,27.0,48.0,6.0,8.0,5.0,7.0,4.0,8.0,4.0,11.0,2334.0,1826.0,820.0,642.0,726.0,726.0,1207.0,1408.0
KONT,Ontario International Airport,Ontario,CA,USA,34.056,-117.601,1129.0,603.0,0.0,0.0,0.0,0.0,34.0,202.0,1018.0,440.0,247.0,89.0,0.0,0.0,133.0,975.0,1008.0,401.0,7.0,0.0,0.0,0.0,131.0,1003.0,1139.0,642.0,240.0,89.0,0.0,0.0,36.0,174.0,20.0,6.0,1.0,0.0,0.0,0.0,2.0,17.0,18.0,12.0,4.0,2.0,0.0,0.0,2.0,6.0,2147.0,1043.0,247.0,89.0,0.0,0.0,167.0,1177.0
KOPF,Opa-Locka Executive Airport,Miami,FL,USA,25.907,-80.278,,,,,12.0,26.0,,,,,,,,4.0,350.0,,,,,,12.0,30.0,350.0,,,,,,,4.0,,,,,,,2.0,4.0,3.0,,,,,,,1.0,,,,,,,12.0,30.0,350.0,
KORD,Chicago O'Hare International Airport,Chicago,IL,USA,41.979,-87.904,6011.0,5461.0,3390.0,0.0,18.0,10.0,0.0,83.0,1840.0,1392.0,3131.0,0.0,402.0,59.0,0.0,443.0,7826.0,6422.0,4110.0,0.0,399.0,69.0,0.0,441.0,25.0,431.0,2411.0,0.0,21.0,0.0,0.0,85.0,110.0,105.0,86.0,0.0,6.0,1.0,0.0,6.0,18.0,32.0,83.0,0.0,6.0,0.0,0.0,4.0,7851.0,6853.0,6521.0,0.0,420.0,69.0,0.0,526.0
KPAE,Snohomish County (Paine Field) Airport,Everett,WA,USA,47.90600000000001,-122.281,91.0,147.0,,,,,,,41.0,59.0,,,,,,,116.0,203.0,,,,,,,16.0,3.0,,,,,,,2.0,2.0,,,,,,,2.0,1.0,,,,,,,132.0,206.0,,,,,,
KPDX,Portland International Airport,Portland,OR,USA,45.589,-122.597,,,,,,,,,,,,,,,,124.0,,,,,,,,,,,,,,,,124.0,,,,,,,,,,,,,,,,1.0,,,,,,,,124.0
KPSM,Portsmouth International Airport,"Portsmouth, NH",,USA,43.078056,-70.82333299999998,,,,,,,,72.0,,,,,,,,1029.0,,,,,,,,998.0,,,,,,,,103.0,,,,,,,,32.0,,,,,,,,18.0,,,,,,,,1101.0
KRFD,Chicago Rockford International Airport,Rockford,IL,USA,42.195278,-89.097222,,,,,,,,,,,20.0,,,,,,,,,,,,,,,,20.0,,,,,,,,,,,,,,,,1.0,,,,,,,,20.0,,,,,
KRIC,Richmond International Airport,Richmond,VA,USA,37.505,-77.319,,,,19.0,0.0,0.0,28.0,136.0,,,,364.0,0.0,30.0,613.0,918.0,,,,109.0,0.0,0.0,370.0,949.0,,,,274.0,0.0,30.0,271.0,105.0,,,,3.0,0.0,0.0,6.0,19.0,,,,6.0,0.0,1.0,6.0,13.0,,,,383.0,0.0,30.0,641.0,1054.0
KRNO,Reno Tahoe International Airport,Reno,NV,USA,39.49800000000001,-119.768,362.0,312.0,127.0,26.0,31.0,74.0,21.0,,345.0,233.0,60.0,179.0,71.0,58.0,34.0,,707.0,542.0,187.0,205.0,102.0,132.0,55.0,,,3.0,,,,,,,42.0,32.0,10.0,10.0,4.0,5.0,2.0,,,3.0,,,,,,,707.0,545.0,187.0,205.0,102.0,132.0,55.0,
KROW,Roswell International Air Center Airport,Roswell,NM,USA,33.301,-104.531,,,,324.0,,,,,,,,28.0,,,,,,,,324.0,,,,,,,,28.0,,,,,,,,10.0,,,,,,,,1.0,,,,,,,,352.0,,,,
KSAN,San Diego International Airport,San Diego,CA,USA,32.733000000000004,-117.189,19644.0,23920.0,16962.0,1987.0,2075.0,1792.0,1856.0,1057.0,7076.0,9864.0,7397.0,5762.0,3677.0,2920.0,4982.0,4464.0,7012.0,15444.0,10023.0,5500.0,3459.0,2614.0,4633.0,3881.0,19708.0,18340.0,14336.0,2251.0,2293.0,2149.0,2205.0,1640.0,195.0,263.0,193.0,98.0,69.0,58.0,65.0,57.0,277.0,295.0,248.0,95.0,68.0,50.0,53.0,48.0,26720.0,33784.0,24359.0,7749.0,5752.0,4712.0,6838.0,5521.0
KSAT,San Antonio International Airport,San Antonio,TX,USA,29.534,-98.47,11633.0,19459.0,16845.0,14008.0,5373.0,4092.0,3591.0,4690.0,1231.0,4542.0,6630.0,9328.0,3064.0,3780.0,2947.0,1149.0,11650.0,23490.0,23240.0,23040.0,8111.0,6783.0,4519.0,5532.0,1242.0,652.0,315.0,440.0,337.0,1092.0,2019.0,341.0,200.0,305.0,306.0,314.0,195.0,197.0,145.0,165.0,32.0,29.0,24.0,19.0,16.0,20.0,30.0,6.0,12866.0,24001.0,23475.0,23336.0,8448.0,7872.0,6538.0,5839.0
KSDM,Brown Field Municipal Airport,San Diego,,USA,32.572222,-116.980278,,,,,,4.0,,,,,,,,,,,,,,,,4.0,,,,,,,,,,,,,,,,1.0,,,,,,,,,,,,,,,,4.0,,
KSKF,Lackland Air Force Base (Kelly Field Annex) Airport,"San Antonio, Kelly Fld",TX,USA,29.384,-98.581,,,,,,,,,,,,870.0,,,,,,,,246.0,,,,,,,,624.0,,,,,,,,2.0,,,,,,,,6.0,,,,,,,,870.0,,,,
KSLC,Salt Lake City International Airport,Salt Lake City,UT,USA,40.788,-111.978,2075.0,1596.0,634.0,108.0,75.0,55.0,35.0,74.0,683.0,648.0,1147.0,2123.0,1030.0,1083.0,927.0,657.0,2374.0,1892.0,1420.0,1453.0,1100.0,938.0,959.0,724.0,384.0,352.0,361.0,778.0,5.0,200.0,3.0,7.0,49.0,51.0,41.0,38.0,30.0,29.0,36.0,26.0,36.0,34.0,16.0,24.0,5.0,10.0,3.0,6.0,2758.0,2244.0,1781.0,2231.0,1105.0,1138.0,962.0,731.0
KSMF,Sacramento International Airport,Sacramento,CA,USA,38.695,-121.591,18.0,,,,,,,,96.0,,,,,,,,114.0,,,,,,,,,,,,,,,,3.0,,,,,,,,,,,,,,,,114.0,,,,,,,
KSTL,Lambert St Louis International Airport,St Louis,MO,USA,38.74800000000001,-90.36,,,,5.0,,,,,,,,147.0,,,,,,,,65.0,,,,,,,,87.0,,,,,,,,3.0,,,,,,,,2.0,,,,,,,,152.0,,,,
KTEB,Teterboro Airport,Teterboro,NJ,USA,40.85,-74.061,,7.0,,,,,,,,,,,,,,,,7.0,,,,,,,,,,,,,,,,1.0,,,,,,,,,,,,,,,,7.0,,,,,,
KTOL,Toledo Express Airport,Toledo,OH,USA,41.586806,-83.807833,3913.0,3188.0,2189.0,1907.0,1240.0,726.0,604.0,1395.0,1297.0,1040.0,1136.0,1530.0,696.0,1473.0,2067.0,1843.0,5205.0,4217.0,3199.0,3100.0,1788.0,1499.0,2398.0,3010.0,5.0,11.0,126.0,337.0,148.0,700.0,273.0,228.0,52.0,53.0,46.0,47.0,44.0,46.0,53.0,54.0,3.0,8.0,12.0,20.0,15.0,27.0,30.0,42.0,5210.0,4228.0,3325.0,3437.0,1936.0,2199.0,2671.0,3238.0
KTUS,Tucson International Airport,Tucson,AZ,USA,32.116,-110.941,9133.0,699.0,,,,,,,,,,5126.0,,,,,8665.0,0.0,0.0,3779.0,,,,,468.0,699.0,0.0,1347.0,,,,,77.0,0.0,0.0,32.0,,,,,9.0,8.0,0.0,11.0,,,,,9133.0,699.0,0.0,5126.0,,,,
KTWF,Joslin Field Magic Valley Regional Airport,Twin Falls,ID,USA,42.481667,-114.487778,385.0,,,,,,,,183.0,,,,,,,,568.0,,,,,,,,,,,,,,,,15.0,,,,,,,,,,,,,,,,568.0,,,,,,,
KVCV,Southern California Logistics Airport,Victorville,CA,USA,34.593,-117.379,,,,,,,,,,,,34.0,0.0,733.0,540.0,502.0,,,,,,247.0,540.0,143.0,,,,34.0,0.0,486.0,0.0,359.0,,,,,,3.0,4.0,2.0,,,,1.0,0.0,5.0,0.0,3.0,,,,34.0,0.0,733.0,540.0,502.0
KYIP,Willow Run Airport,Detroit,MI,USA,42.238,-83.53,,,86.0,,,,,,,,46.0,,,,,,,,132.0,,,,,,,,,,,,,,,,2.0,,,,,,,,,,,,,,,,132.0,,,,,
KYKM,Yakima Air Terminal,Yakima,WA,USA,46.568056,-120.544167,,,,,,,,,,,,,,,241.0,,,,,,,,108.0,,,,,,,,133.0,,,,,,,,1.0,,,,,,,,1.0,,,,,,,,241.0,
KYNG,Youngston Warren Regional Airport,Vienna Center,,USA,41.261,-80.679,,,,,,,,15.0,,,,,,,469.0,505.0,,,,,,,,15.0,,,,,,,469.0,505.0,,,,,,,,1.0,,,,,,,7.0,14.0,,,,,,,469.0,520.0
LATI,Tirana International Airport Mother Teresa,Tirana,,Albania,41.415,19.721,1.0,2.0,0.0,0.0,0.0,4.0,,,,,,,,,,,,,,,,,,,1.0,2.0,0.0,0.0,0.0,4.0,,,,,,,,,,,1.0,1.0,0.0,0.0,0.0,1.0,,,1.0,2.0,0.0,0.0,0.0,4.0,,
LEMD,Adolfo Suarez Madrid-Barajas Airport,Madrid,,Spain,40.472,-3.5610000000000004,,,,,,,5.0,,,,,,,,,,,,,,,,,,,,,,,,5.0,,,,,,,,,,,,,,,,1.0,,,,,,,,5.0,
LFPB,Le Bourget International Airport,Paris,,France,48.969,2.441,,,,,,4.0,,,,,,,,,,,,,,,,,,,,,,,,4.0,,,,,,,,,,,,,,,,2.0,,,,,,,,4.0,,
LHBP,Budapest Liszt Ferenc international Airport,Budapest,,Hungary,47.437,19.256,,2.0,0.0,0.0,1.0,0.0,4.0,,,,,,,,,,,,,,,,,,,2.0,0.0,0.0,1.0,0.0,4.0,,,,,,,,,,,2.0,0.0,0.0,1.0,0.0,2.0,,,2.0,0.0,0.0,1.0,0.0,4.0,
LIRA,Ciampino Airport,Rome,,Italy,41.799,12.595,,,,,,,2.0,3.0,,,,,,,,,,,,,,,,,,,,,,,2.0,3.0,,,,,,,,,,,,,,,1.0,1.0,,,,,,,2.0,3.0
LKPR,Ruzyn-¢ International Airport,Prague,,Czech Republic,50.101000000000006,14.26,,,,,2.0,,,,,,,,,,,,,,,,,,,,,,,,2.0,,,,,,,,,,,,,,,,1.0,,,,,,,,2.0,,,
LLBG,Ben Gurion International Airport,Tel Aviv,,Israel,32.009,34.876999999999995,,2.0,,,,,,,,,,,,,,,,,,,,,,,,2.0,,,,,,,,,,,,,,,,1.0,,,,,,,,2.0,,,,,,
LPPD,João Paulo II Airport,Ponta Delgada,,Portugal,37.741,-25.698,3.0,,,,,,,,,,,,,,,,,,,,,,,,3.0,,,,,,,,,,,,,,,,2.0,,,,,,,,3.0,,,,,,,
LQSA,Sarajevo International Airport,Sarajevo,,Bosnia,43.824,18.331,,,,,,,9.0,1.0,,,,,,,,,,,,,,,,,,,,,,,9.0,1.0,,,,,,,,,,,,,,,2.0,1.0,,,,,,,9.0,1.0
LRBS,Bâneasa International Airport,Bucharest,,Romania,44.503,26.102,,1.0,,,,,,,,,,,,,,,,,,,,,,,,1.0,,,,,,,,,,,,,,,,1.0,,,,,,,,1.0,,,,,,
LROP,Henri Coandâ International Airport,Bucharest,,Romania,44.574,26.103,1.0,0.0,0.0,0.0,2.0,,,,,,,,,,,,,,,,,,,,1.0,0.0,0.0,0.0,2.0,,,,,,,,,,,,1.0,0.0,0.0,0.0,1.0,,,,1.0,0.0,0.0,0.0,2.0,,,
LTBA,Atatürk International Airport ,Istanbul,,Turkey,40.977,28.821,,,,,4.0,,,,,,,,,,,,,,,,,,,,,,,,4.0,,,,,,,,,,,,,,,,1.0,,,,,,,,4.0,,,
LUKK,Chisinau International Airport,Chisinau,,Moldova,46.928,28.931,2.0,1.0,0.0,0.0,0.0,0.0,2.0,,,,,,,,,,,,,,,,,,2.0,1.0,0.0,0.0,0.0,0.0,2.0,,,,,,,,,,1.0,1.0,0.0,0.0,0.0,0.0,1.0,,2.0,1.0,0.0,0.0,0.0,0.0,2.0,
LWSK,Skopje Alexander the Great Airport,Skopje,,Macedonia,41.96100000000001,21.621,5.0,,,,,,,,,,,,,,,,,,,,,,,,5.0,,,,,,,,,,,,,,,,1.0,,,,,,,,5.0,,,,,,,
LYBE,Belgrade Nikola Tesla Airport,Belgrade,,Serbia,44.81800000000001,20.309,,1.0,,,,,,,,,,,,,,,,,,,,,,,,1.0,,,,,,,,,,,,,,,,1.0,,,,,,,,1.0,,,,,,
LYPG,Podgorica Airport,Podgorica,,Montenegro,42.359,19.252,,2.0,,,,,,,,,,,,,,,,,,,,,,,,2.0,,,,,,,,,,,,,,,,1.0,,,,,,,,2.0,,,,,,
LZIB,M. R. Štefánik Airport,Bratislava,,Slovakia,48.17,17.212,,1.0,0.0,0.0,0.0,1.0,,,,,,,,,,,,,,,,,,,,1.0,0.0,0.0,0.0,1.0,,,,,,,,,,,,1.0,0.0,0.0,0.0,1.0,,,,1.0,0.0,0.0,0.0,1.0,,
MDSD,Las Americas International Airport,Santo Domingo,,Dominican Republic,18.429,-69.669,2344.0,2281.0,1849.0,1747.0,1552.0,1556.0,1696.0,1523.0,,,,,,1.0,,,,,,,,1.0,,,2344.0,2281.0,1849.0,1747.0,1552.0,1556.0,1696.0,1523.0,,,,,,1.0,,,28.0,27.0,24.0,23.0,22.0,24.0,24.0,24.0,2344.0,2281.0,1849.0,1747.0,1552.0,1557.0,1696.0,1523.0
MGGT,La Aurora Airport,Guatemala City,,Guatemala,14.583,-90.528,30579.0,38415.0,47820.0,54117.0,32599.0,32963.0,32198.0,48765.0,,138.0,131.0,2.0,0.0,0.0,1.0,4.0,,3.0,4.0,3.0,1.0,0.0,1.0,4.0,30579.0,38550.0,47947.0,54116.0,32598.0,32963.0,32198.0,48765.0,,3.0,4.0,3.0,1.0,0.0,1.0,3.0,303.0,362.0,421.0,465.0,327.0,319.0,304.0,436.0,30579.0,38553.0,47951.0,54119.0,32599.0,32963.0,32199.0,48769.0
MHLM,Ramon Villeda Morales International Airport,San Pedro Sula,,Honduras,15.452,-87.92299999999999,11736.0,19933.0,35788.0,39254.0,19564.0,21285.0,21241.0,27778.0,,1.0,1.0,3.0,1.0,1.0,4.0,1.0,,1.0,3.0,2.0,2.0,1.0,4.0,1.0,11736.0,19933.0,35786.0,39255.0,19564.0,21285.0,21241.0,27779.0,,1.0,3.0,2.0,2.0,1.0,3.0,1.0,139.0,205.0,329.0,361.0,232.0,236.0,217.0,263.0,11736.0,19934.0,35789.0,39257.0,19566.0,21286.0,21245.0,27780.0
MHSC,Coronel Enrique Soto Cano Air Base,Comayagua,,Honduras,14.3825,-87.621111,,,,56.0,49.0,26.0,,,,,,,,,,,,,,,,,,,,,,56.0,49.0,26.0,,,,,,,,,,,,,,2.0,2.0,1.0,,,,,,56.0,49.0,26.0,,
MHTG,Toncontín International Airport,Tegucigalpa,,Honduras,14.061,-87.21700000000001,9338.0,10606.0,,,,,,,,,,,,,,,,,,,,,,,9338.0,10606.0,,,,,,,,,,,,,,,88.0,96.0,,,,,,,9338.0,10606.0,,,,,,
MKJP,Norman Manley International Airport,Kingston,,Jamaica,17.936,-76.78699999999998,877.0,861.0,843.0,810.0,653.0,660.0,667.0,683.0,,,,,,,,,,,66.0,,,,,,877.0,861.0,777.0,810.0,653.0,660.0,667.0,683.0,,,1.0,,,,,,12.0,12.0,11.0,12.0,12.0,12.0,12.0,12.0,877.0,861.0,843.0,810.0,653.0,660.0,667.0,683.0
MMMD,Manuel Crescencio Rejón International Airport,Merida,,Mexico,20.937,-89.65700000000002,,,,,79.0,,,,,,,,80.0,,,,,,,,79.0,,,,,,,,80.0,,,,,,,,2.0,,,,,,,,1.0,,,,,,,,159.0,,,
MMMX,Licenciado Benito Juarez International Airport,Mexico City,,Mexico,19.436,-99.072,8786.0,0.0,5456.0,13069.0,12932.0,15646.0,16568.0,13127.0,,,,,,,,,,,,,,,,,8786.0,0.0,5456.0,13069.0,12932.0,15646.0,16568.0,13127.0,,,,,,,,,78.0,0.0,41.0,97.0,96.0,117.0,126.0,98.0,8786.0,0.0,5456.0,13069.0,12932.0,15646.0,16568.0,13127.0
MNMG,Augusto C. Sandino (Managua) International Airport,Managua,,Nicaragua,12.140999999999998,-86.16799999999998,1095.0,1172.0,1218.0,1222.0,786.0,708.0,774.0,801.0,,,,,,,,1.0,,,,,,,,,1095.0,1172.0,1218.0,1222.0,786.0,708.0,774.0,802.0,,,,,,,,,17.0,19.0,24.0,21.0,22.0,22.0,25.0,25.0,1095.0,1172.0,1218.0,1222.0,786.0,708.0,774.0,802.0
MPTO,Panama International Airport,Panama City,,Panama,9.071,-79.383,,,,,,,11.0,5.0,,,,,,,,,,,,,,,,,,,,,,,11.0,5.0,,,,,,,,,,,,,,,2.0,1.0,,,,,,,11.0,5.0
MSLP,El Salvador International Airport,San Salvador,,El Salvador,13.441,-89.056,15817.0,18089.0,20284.0,26655.0,21378.0,20090.0,17969.0,14516.0,,2.0,1.0,0.0,3.0,2.0,7.0,2.0,2.0,2.0,1.0,1.0,3.0,2.0,7.0,4.0,15819.0,18089.0,20284.0,26654.0,21378.0,20090.0,17969.0,14514.0,2.0,2.0,1.0,1.0,3.0,1.0,5.0,4.0,170.0,188.0,203.0,257.0,203.0,193.0,179.0,147.0,15821.0,18091.0,20285.0,26655.0,21381.0,20092.0,17976.0,14518.0
MTPP,Toussaint Louverture International Airport,Port-Of-Prince,,Haiti,18.58,-72.293,228.0,547.0,410.0,338.0,369.0,267.0,5549.0,805.0,,,,1.0,,,,,,,,1.0,,,,,228.0,547.0,410.0,338.0,369.0,267.0,5549.0,805.0,,,,1.0,,,,,7.0,12.0,10.0,12.0,14.0,12.0,69.0,25.0,228.0,547.0,410.0,339.0,369.0,267.0,5549.0,805.0
MUHA,Jose Marti International Airport ,La Habana,,Cuba,22.989,-82.40899999999998,31.0,34.0,16.0,6.0,12.0,25.0,53.0,254.0,,,,,,,,,,,,,,,,,31.0,34.0,16.0,6.0,12.0,25.0,53.0,254.0,,,,,,,,,10.0,9.0,7.0,4.0,7.0,7.0,6.0,10.0,31.0,34.0,16.0,6.0,12.0,25.0,53.0,254.0
MYNN,Lynden Pindling International Airport,Nassau,,Bahamas,25.039,-77.46600000000002,,2.0,0.0,0.0,0.0,23.0,0.0,1.0,,,,,,,,,,,,,,,,,,2.0,0.0,0.0,0.0,23.0,0.0,1.0,,,,,,,,,,1.0,0.0,0.0,0.0,1.0,0.0,1.0,,2.0,0.0,0.0,0.0,23.0,0.0,1.0
MZBZ,Philip S. W. Goldson International Airport,Belize City,,Belize,17.539,-88.30799999999998,,,10.0,0.0,0.0,10.0,0.0,5.0,,,,,,,,,,,,,,,,,,,10.0,0.0,0.0,10.0,0.0,5.0,,,,,,,,,,,1.0,0.0,0.0,1.0,0.0,1.0,,,10.0,0.0,0.0,10.0,0.0,5.0
NFTF,Fua'amotu International Airport,Fua'amotu,,Tonga,-21.241,-175.15,,,,,,1.0,,,,,,,,,,,,,,,,,,,,,,,,1.0,,,,,,,,,,,,,,,,1.0,,,,,,,,1.0,,
NSFA,Faleolo International Airport,,,Samoa,-13.83,-172.00799999999995,,,,,,,,6.0,,,,,,,,,,,,,,,,,,,,,,,,6.0,,,,,,,,,,,,,,,,1.0,,,,,,,,6.0
NZWN,Wellington International Airport,Wellington,,New Zealand,-41.327,174.805,,,,,,1.0,,,,,,,,,,,,,,,,,,,,,,,,1.0,,,,,,,,,,,,,,,,1.0,,,,,,,,1.0,,
OAKB,Kabul International Airport,Kabul,,Afghanistan,34.566,69.212,,,,,,,7.0,16.0,,,,,,,,,,,,,,,,,,,,,,,7.0,16.0,,,,,,,,,,,,,,,1.0,2.0,,,,,,,7.0,16.0
OJAI,Queen Alia International Airport,Amman,,Jordan,31.722,35.993,5.0,0.0,0.0,7.0,0.0,8.0,8.0,8.0,,,,,,,,,,,,,,,,,5.0,0.0,0.0,7.0,0.0,8.0,8.0,8.0,,,,,,,,,1.0,0.0,0.0,1.0,0.0,1.0,1.0,1.0,5.0,0.0,0.0,7.0,0.0,8.0,8.0,8.0
OJAM,Amman Civil Airport,Amman,,Jordan,31.972,35.991,,,,,,7.0,,,,,,,,,,,,,,,,,,,,,,,,7.0,,,,,,,,,,,,,,,,1.0,,,,,,,,7.0,,
OLBA,Beirut Rafic Hariri International Airport,Beruit,,Lebanon,33.813,35.48900000000001,,7.0,,,,,,,,,,,,,,,,,,,,,,,,7.0,,,,,,,,,,,,,,,,1.0,,,,,,,,7.0,,,,,,
OMDW,Dubai International Airport,Dubai,,UAE,24.888278,55.160378,,,,,,,,1.0,,,,,,,,,,,,,,,,,,,,,,,,1.0,,,,,,,,,,,,,,,,1.0,,,,,,,,1.0
OPRN,Islamabad International Airport,Islamabad,,Pakistan,33.616,73.09899999999998,,,,,,,,109.0,,,,,,,,,,,,,,,,,,,,,,,,109.0,,,,,,,,,,,,,,,,2.0,,,,,,,,109.0
ORBI,Baghdad International Airport,Baghdad,,Iraq,33.2625,44.234444,,,,,,,8.0,0.0,,,,,,,,,,,,,,,,,,,,,,,8.0,0.0,,,,,,,,,,,,,,,1.0,0.0,,,,,,,8.0,0.0
OYSN,Sana'a International Airport,Sana'a,,Yemen,15.476389,44.219722,1.0,,,,,,,,,,,,,,,,,,,,,,,,1.0,,,,,,,,,,,,,,,,1.0,,,,,,,,1.0,,,,,,,
PHNL,Honolulu International Airport,Honolulu,HI,USA,21.316,-157.92700000000005,,,,,,,,,,,,,,,,2.0,,,,,,,,,,,,,,,,2.0,,,,,,,,,,,,,,,,1.0,,,,,,,,2.0
PKMJ,Marshall Islands International Airport,Rairok,,Republic of the Marshall Islands,7.065,171.27200000000005,,,,,,2.0,,,,,,,,,,,,,,,,,,,,,,,,2.0,,,,,,,,,,,,,,,,1.0,,,,,,,,2.0,,
RCTP,Taiwan Taoyuan International Airport,Taipei,,Taiwan,25.08,121.232,,,,,,1.0,,,,,,,,,,,,,,,,,,,,,,,,1.0,,,,,,,,,,,,,,,,1.0,,,,,,,,1.0,,
RJBB,Kansai International Airport,Osaka,,Japan,34.434166999999995,135.232778,1.0,,,,,,,,,,,,,,,,,,,,,,,,1.0,,,,,,,,,,,,,,,,1.0,,,,,,,,1.0,,,,,,,
RPLL,Ninoy Aquino International Airport,Manila,,Philippines,14.509,121.019,,,,,,2.0,,,,,,,,,,,,,,,,,,,,,,,,2.0,,,,,,,,,,,,,,,,1.0,,,,,,,,2.0,,
SAEZ,Ezeiza International Airport,Buenos Aires,,Argentina,-34.822222,-58.535833,,,,,,7.0,0.0,7.0,,,,,,,,,,,,,,,,,,,,,,7.0,0.0,7.0,,,,,,,,,,,,,,1.0,0.0,1.0,,,,,,7.0,0.0,7.0
SBBR,Brasilia International Airport,Brasilia,,Brazil,-15.862,-47.913,,,,,,,,,,,,,,,,,,,,,,,,,,,,,,,,,,,,,,,,,,,,,,,,,,,,,,,,
SBCF,Tancredo Neves International Airport,,,Brazil,-19.634,-43.969,,,,,,,,5.0,,,,,,,,,,,,,,,,,,,,,,,,5.0,,,,,,,,,,,,,,,,1.0,,,,,,,,5.0
SBGR,Guarulhos–Governador André Franco Montoro International Airport ,Sao Paulo,,Brazil,-23.432,-46.469,1.0,0.0,0.0,0.0,0.0,0.0,0.0,3.0,,,,,,,,,,,,,,,,,1.0,0.0,0.0,0.0,0.0,0.0,0.0,3.0,,,,,,,,,1.0,0.0,0.0,0.0,0.0,0.0,0.0,1.0,1.0,0.0,0.0,0.0,0.0,0.0,0.0,3.0
SEGU,Simon Bolivar International Airport,Guayaquill,,Ecuador,-2.158,-79.884,1511.0,1567.0,1360.0,1377.0,1157.0,981.0,929.0,1037.0,,1.0,,,,,,,,1.0,,,,,,,1511.0,1567.0,1360.0,1377.0,1157.0,981.0,929.0,1037.0,,1.0,,,,,,,26.0,25.0,25.0,21.0,24.0,23.0,26.0,25.0,1511.0,1568.0,1360.0,1377.0,1157.0,981.0,929.0,1037.0
SKBO,El Dorado International Airport,Bogota,,Colombia,4.7010000000000005,-74.14699999999998,986.0,1019.0,943.0,865.0,847.0,847.0,796.0,869.0,,,,,,,,,,,,,,,,,986.0,1019.0,943.0,865.0,847.0,847.0,796.0,869.0,,,,,,,,,12.0,12.0,12.0,12.0,12.0,12.0,12.0,12.0,986.0,1019.0,943.0,865.0,847.0,847.0,796.0,869.0
SLLP,El Alto International Airport ,La Paz,,Bolivia,-16.512999999999998,-68.192,,2.0,,,,,,,,,,,,,,,,,,,,,,,,2.0,,,,,,,,,,,,,,,,1.0,,,,,,,,2.0,,,,,,
SLVR,Viru Viru International Airport,Santa Cruz,,Bolivia,-17.645,-63.135,,,,6.0,,,,,,,,,,,,,,,,,,,,,,,,6.0,,,,,,,,,,,,,,,,1.0,,,,,,,,6.0,,,,
SMJP,Johan Adolf Pengel International Airport,Paramaribo,,Suriname,5.4529999999999985,-55.188,,,,,,,2.0,,,,,,,,,,,,,,,,,,,,,,,,2.0,,,,,,,,,,,,,,,,1.0,,,,,,,,2.0,
SPJC,Jorge Chavez International Airport,Callao,,Peru,-12.021944,-77.11444399999998,,5.0,0.0,40.0,0.0,21.0,0.0,18.0,,,,,,,,,,,,,,,,,,5.0,0.0,40.0,0.0,21.0,0.0,18.0,,,,,,,,,,1.0,0.0,1.0,0.0,1.0,0.0,2.0,,5.0,0.0,40.0,0.0,21.0,0.0,18.0
SUMU,Carrasco International Airport,Montevideo,,Uruguay,-34.838,-56.03,,,,,,2.0,,,,,,,,,,,,,,,,,,,,,,,,2.0,,,,,,,,,,,,,,,,1.0,,,,,,,,2.0,,
SYCJ,Cheddi Jagan International Airport,Georgetown,,Guyana,6.4983330000000015,-58.253889,,10.0,21.0,19.0,23.0,0.0,25.0,7.0,,,,,,,,,,,,,,,,,,10.0,21.0,19.0,23.0,0.0,25.0,7.0,,,,,,,,,,2.0,1.0,1.0,1.0,0.0,2.0,1.0,,10.0,21.0,19.0,23.0,0.0,25.0,7.0
TAPA,V.C. Bird International Airport,Antigua,,Antigua and Barbuda,17.137,-61.792,,,,,,,,3.0,,,,,,,,,,,,,,,,,,,,,,,,3.0,,,,,,,,,,,,,,,,1.0,,,,,,,,3.0
TBPB,Grantley Adams International Airport,Seawell,,Barbados,13.074000000000002,-59.492,,,,,,2.0,,,,,,,,,,,,,,,,,,,,,,,,2.0,,,,,,,,,,,,,,,,1.0,,,,,,,,2.0,,
TDPD,Melville Hall Airport,Dominica,,Dominica,15.547,-61.3,,,,3.0,,,,,,,,,,,,,,,,,,,,,,,,3.0,,,,,,,,,,,,,,,,1.0,,,,,,,,3.0,,,,
TGPY,Grenada International Airport,St. Georges,,Grenada,12.004,-61.786,,,,,,,5.0,,,,,,,,,,,,,,,,,,,,,,,,5.0,,,,,,,,,,,,,,,,1.0,,,,,,,,5.0,
TIST,Cyril E. King Airport,St Thomas,VI,USA,18.337,-64.973,,,,,,,,,,,,,,11.0,,,,,,,,11.0,,,,,,,,,,,,,,,,1.0,,,,,,,,,,,,,,,,11.0,,
TJBQ,Rafael Hernandez Airport,Aguadilla,PR,USA,18.495,-67.12899999999999,,,,,,,,,,,130.0,,,,,,,,130.0,,,,,,,,,,,,,,,,2.0,,,,,,,,,,,,,,,,130.0,,,,,
TJSJ,Luis Munoz Marin International Airport,San Juan,PR,USA,18.439,-66.002,,,,,94.0,,,,,83.0,63.0,0.0,0.0,0.0,13.0,,,83.0,63.0,0.0,94.0,0.0,13.0,,,,,,,,,,,1.0,1.0,0.0,2.0,0.0,1.0,,,,,,,,,,,83.0,63.0,0.0,94.0,0.0,13.0,
TKPK,Robert L. Bradshaw International Airport,Basseterre,,St. Kitts,17.311,-62.719,,,,,,4.0,,,,,,,,,,,,,,,,,,,,,,,,4.0,,,,,,,,,,,,,,,,1.0,,,,,,,,4.0,,
TLPL,Hewanorra International Airport,Vieux Fort,,St. Lucia,13.733,-60.953,,,,,,,,2.0,,,,,,,,,,,,,,,,,,,,,,,,2.0,,,,,,,,,,,,,,,,1.0,,,,,,,,2.0
TTPP,Piarco International Airport,Port Of Spain,,Trinidad and Tobago,10.595,-61.337,,24.0,0.0,0.0,0.0,18.0,33.0,2.0,,,,,,,,,,,,,,,,,,24.0,0.0,0.0,0.0,18.0,33.0,2.0,,,,,,,,,,4.0,0.0,0.0,0.0,3.0,3.0,1.0,,24.0,0.0,0.0,0.0,18.0,33.0,2.0
TVSC,Canouan Airport,Canouan,,St. Vincent,12.699000000000002,-61.342,,,,,,2.0,,,,,,,,,,,,,,,,,,,,,,,,2.0,,,,,,,,,,,,,,,,1.0,,,,,,,,2.0,,
TVSV,E. T. Joshua Airport,Kingstown,,St Vincent,13.144,-61.21100000000001,,,,4.0,,,,,,,,,,,,,,,,,,,,,,,,4.0,,,,,,,,,,,,,,,,1.0,,,,,,,,4.0,,,,
TXKF,L.F. Wade International International Airport,St. David's Island,,Bermuda,32.364167,-64.678611,,1.0,,,,,,,,,,,,,,,,,,,,,,,,1.0,,,,,,,,,,,,,,,,1.0,,,,,,,,1.0,,,,,,
UGTB,Tbilisi International Airport,Tbilisi,,Georgia,41.6692,44.9547,1.0,1.0,,,,,,,,,,,,,,,,,,,,,,,1.0,1.0,,,,,,,,,,,,,,,1.0,1.0,,,,,,,1.0,1.0,,,,,,
UKBB,Boryspil International Airport,Boryspil,,Ukraine,50.345,30.895,,,,,1.0,4.0,0.0,3.0,,,,,,,,,,,,,,,,,,,,,1.0,4.0,0.0,3.0,,,,,,,,,,,,,1.0,2.0,0.0,1.0,,,,,1.0,4.0,0.0,3.0
UKKK,Kiev Zhuliany International Airport,Kiev,,Ukraine,50.402,30.452,2.0,3.0,0.0,0.0,0.0,0.0,3.0,,,,,,,,,,,,,,,,,,2.0,3.0,0.0,0.0,0.0,0.0,3.0,,,,,,,,,,1.0,1.0,0.0,0.0,0.0,0.0,1.0,,2.0,3.0,0.0,0.0,0.0,0.0,3.0,
UTDD,Dushanbe Airport,Dushanbe,,Tajikistan,38.543,68.825,1.0,,,,,,,,,,,,,,,,,,,,,,,,1.0,,,,,,,,,,,,,,,,1.0,,,,,,,,1.0,,,,,,,
UTTT,Toshkent Xalqaro,Tashkent,,Uzbekistan,41.257,69.282,,,,,3.0,,,,,,,,,,,,,,,,,,,,,,,,3.0,,,,,,,,,,,,,,,,1.0,,,,,,,,3.0,,,
UUEE,Sheremetyevo International Airport,Moscow,,Russia,55.972,37.415,,2.0,,,,,,,,,,,,,,,,,,,,,,,,2.0,,,,,,,,,,,,,,,,1.0,,,,,,,,2.0,,,,,,
UUWW,Vnukovo International Airport,Moscow,,Russia,55.591,37.261,,,,,,4.0,4.0,,,,,,,,,,,,,,,,,,,,,,,4.0,4.0,,,,,,,,,,,,,,,1.0,1.0,,,,,,,4.0,4.0,
UWKD,Kazan International Airport,Kazan,,Russia,55.608,49.277,,1.0,,,,,,,,,,,,,,,,,,,,,,,,1.0,,,,,,,,,,,,,,,,1.0,,,,,,,,1.0,,,,,,
VCBI,Bandaranaike International Colombo Airport,Colombo,,Sri Lanka,7.181,79.884,,1.0,0.0,0.0,0.0,4.0,,,,,,,,,,,,,,,,,,,,1.0,0.0,0.0,0.0,4.0,,,,,,,,,,,,1.0,0.0,0.0,0.0,1.0,,,,1.0,0.0,0.0,0.0,4.0,,
VDPP,Phnom Penh International Airport,Phnom Penh,,Cambodia,11.546,104.844,,,,,,2.0,28.0,90.0,,,,,,,,,,,,,,,,,,,,,,2.0,28.0,90.0,,,,,,,,,,,,,,1.0,4.0,4.0,,,,,,2.0,28.0,90.0
VGHS,Dhaka Shahjalal International Airport,Dhaka,,Bangladesh,23.842778,90.400556,,,,,,67.0,139.0,63.0,,,,,,,,,,,,,,,,,,,,,,67.0,139.0,63.0,,,,,,,,,,,,,,2.0,4.0,2.0,,,,,,67.0,139.0,63.0
VIDP,Indira Gandhi International Airport,Delhi,,India,28.566,77.10300000000002,,,,,,81.0,144.0,170.0,,,,,,,,,,,,,,,,,,,,,,81.0,144.0,170.0,,,,,,,,,,,,,,2.0,4.0,3.0,,,,,,81.0,144.0,170.0
VNKT,Tribhuvan International Airport,Kathmandu,,Nepal,27.696,85.359,,,,,,4.0,7.0,5.0,,,,,,,,,,,,,,,,,,,,,,4.0,7.0,5.0,,,,,,,,,,,,,,1.0,1.0,1.0,,,,,,4.0,7.0,5.0
VTBS,Suvarnabhumi Airport,Bangkok,,Thailand,13.6925,100.75,,,,,,,,1.0,,,,,,,,,,,,,,,,,,,,,,,,1.0,,,,,,,,,,,,,,,,1.0,,,,,,,,1.0
VVTS,Tan So'n Nhat International Airport,Ho Chi Minh,,Vietnam,10.82,106.662,,,,,,4.0,4.0,65.0,,,,,,,,,,,,,,,,,,,,,,4.0,4.0,65.0,,,,,,,,,,,,,,1.0,1.0,3.0,,,,,,4.0,4.0,65.0
VYYY,Yangon International Airport,Yangon,,Myanmar,16.907,96.133,,,,,,,,7.0,,,,,,,,,,,,,,,,,,,,,,,,7.0,,,,,,,,,,,,,,,,1.0,,,,,,,,7.0
YSSY,Sydney Kingsford Smith Airport,Sydney,,Australia,-33.946,151.17700000000005,,,,,,2.0,,,,,,,,,,,,,,,,,,,,,,,,2.0,,,,,,,,,,,,,,,,1.0,,,,,,,,2.0,,
ZBAA,Beijing Capital International Airport,Beijing,,China,40.08,116.584,6.0,,,,,,,,,,,,,,,,,,,,,,,,6.0,,,,,,,,,,,,,,,,1.0,,,,,,,,6.0,,,,,,,
ZSFZ,Fuzhou Changle International Airport,Fuzhou,,China,25.933000000000003,119.662,,,,,16.0,0.0,47.0,93.0,,,,,,,,,,,,,,,,,,,,,16.0,0.0,47.0,93.0,,,,,,,,,,,,,2.0,0.0,1.0,1.0,,,,,16.0,0.0,47.0,93.0
